user,play_count
8sp3qlAHqWADjWJE,103
r1sf6PDNASUxwkdm,99
uH9RS0Zmt1KcoEqk,98
xVNOzwSSHQZ4HtBw,97
6vAYdbGjaorPZfib,97
tTlOPqtyYG56rkEy,97
HySumFQMZ4EdziRQ,97
maQqoOLojgZj9XlF,96
LbfmmyFoj300uCvi,95
3o607lJVRBL555Ss,94
kL9w2rE0mYtBioCD,93
ufN3KwgrzukeVXRJ,93
ENh4RMDVvTFQWoOV,93
ehscFKmPsUj2CQwb,93
lmHVSoyKWLW9oHzx,93
LfMrUSByheX8OS37,93
832f4D0ltCxNUlmU,93
nI8n0zVeXdqDXSYD,92
3Jg22QypuEurtGWW,92
M6uTQJhwHpGoXP07,92
obsMj8AYVM4SnWP1,92
ODVAOoVfqUCCNvf3,91
Bg4XICXkkZWJceTA,91
ZEgsVftwRmGzv0Se,91
np67NeAwQNv2X29t,91
AIEmh03qxOydvVGn,90
VixRd2ynzHRqZrN2,90
velGF7MSyiHwtDvb,90
Img79IAIsgTps7H0,90
CjTjTTPo2VVywhRC,90
kqMQZrX6BV4JDbbv,90
rcbzBEmC5XrnOQEW,90
NwPeTzlKahBXV7Bl,90
mQY7dBvdYEs7Xxub,89
zTSDD3IvEyX90tbN,89
pTxLH6PIOLR3Ec3W,89
Tx08SlmMqQRwRMUr,89
HQ5S91STvDRWGfT1,89
sVcyvwRPI7bJYKN2,88
zd3Ko4Hp9C4cjGJB,88
jOHtORyVveN4SRHJ,88
8Gus64PWKmvpGJUS,88
Qvt1YVVAG59Kjk4h,88
6Xue1Nq1YcfATotf,88
6ouRT3xlEYmsXFSP,88
6hmPrcOMqHZtMDca,87
ubDwSfipZJgijkU5,87
PnrWVwRJWtMZdTsx,87
e1HgJ6QivAF5VZUV,87
pekJbFw6dk8FizTI,87
OM05iSZDNSvGDoxw,87
RAKpc0nxPr6TUz79,87
O5cNnWLDGeK7ZC9F,87
CFFuaxK9PwEcBJMM,87
V6tpWQOf1l5EDga8,87
2T6HFoq4kHFSyP18,86
GH6pfG1AawQaIyRr,86
1xwdbZi6L1BbfdJN,86
my4XoceHAhRd1AIo,86
e5ccX7MJo6MJutyJ,86
WuUB56fZD1odVMtA,86
u5EzPpYoNw2C7l9K,86
maIkmrSu5IubPZ9y,86
hVfzIwRFlweACkDq,86
gOVYeMmuC4qyhKD0,85
bEk5UwBuEZytHkQ8,85
ogbI0tr7XYq9fZ6Y,85
BDqrMOILhhMyJPCX,85
Q1XK5JIzOiFXQaI0,85
Gn5ymVDxhFRAHWXv,85
KMJ8kVziSzZjFHtV,85
hbx1ujCOgOK1njuU,85
BImwUixVa713NStp,85
eeguoEZWnVl6MLej,85
LsWU9WAGa8XmJr21,85
VTZ2oweyUf6EnrO0,85
SlHT2chT4aagKNvN,85
0wujwwoIXeAIuDna,84
UoL2bYLzoHYyXH87,84
aUtO70ggRWBhmRwq,84
GHhwcZeqiMJIfdfx,84
cSaqNTuBqJozHfOG,84
xfIaN3B3iYkfQqSP,84
WeozezTEjRAqvHz0,84
svRrY6eHCc8f42qd,84
EG6wLr5b6mgPTXZc,84
cdsQBRpVESpj206P,84
MKBOweXTKnfNgiXW,84
m4CUmC2VK6TxujC3,83
FtG9HeJVifV2bgIX,83
gG73KLVIDEOsf9lM,83
ApsA241qIQQDuZZI,83
YdNLeeK1CqQeBIIf,83
3I25KETb5uR3YdoJ,83
X52fDGbQkPz5Lr8m,83
1Gh7KFlCOwjj6oUz,83
wC7GHoVTrRefORfv,83
PTjQ4YhLmAk8TTup,83
zXvmeQmPJ74qixmW,83
AetLomiYEBfzLDDp,83
INf6rna0SiCIbmia,82
2cufMKpJzHUNFXO4,82
OnHN6kzUC5xkkuGS,82
SDOef0C4PP27PwFn,82
4127NhI9Wsi3BUWV,82
y3rlHSCG8AJdJnsr,82
LWz3VQu0ha9xCzSz,82
fGtoU1BXajWmFLeo,82
HJEGqVA0jhaR7aRB,82
1vsGeKRL6LJSY4Rp,82
EX3U285060YAEawJ,82
TR4rBtkBrd0U2VzB,82
TVqdHY07srtb9riz,82
KfTygL4k5rTFLBwN,82
1sPOwxDTU9V52amx,82
wSMGOWE2lWRaFXzY,82
WzW3x2SRQzo7M7Ct,82
ucm4xwmVJSJCUtdl,82
rkxvBOE7qMWSeZAw,82
r5EvhhuZETnu7K2P,82
sZ3dAtcW2FKT0x6j,82
ZDSL4v2RU1y2fGV3,82
o8W8ggyN5N0eE2no,82
95yOAsLECchnGe1m,81
Y4S69lRNwDzjL4tG,81
LLFghgo9kun7pj3f,81
KXUFvLTnh2LlmnBy,81
hiydXwq5pMd0k1kR,81
jCytsXKUOOUPGaI6,81
9UZPXzGOWKVdOtgK,81
O0W0Xe0HFGKbhS5I,81
rFOl6CdRuY7JXXul,81
5j9Z2X7KEQizp2mL,81
DBl0LTJ37RV9a0eL,81
GpT650oipjGiq6nt,81
H7UIjg70SgCLjrkF,81
qmRjCMUVGlcWUJiC,81
SQES6mbBKQn8iAeP,81
c9Q7pIFk96x46Roj,81
QADwYDJm2UafEqtJ,81
xlwLm3MHz2oZyIaa,81
UMeVgK38l6SQLxiG,81
6dKz9MVFHENGCywj,81
dFCAIFRvIyDWXkDz,81
w1i6gUkRsErivipJ,81
fdAE71ovPzcQM9RH,81
WQ3q0HHMN1gHys1q,81
UsWrA9f8ysocTvBJ,81
Qqdp8HXhINqryCgQ,80
UvJQwgfjZSqnZamJ,80
LHG10jitxKuur3aB,80
X9bDHgPYeZlUuVLa,80
SdzHKFNI0HiADh2R,80
RhTvzO1rMqdARsgo,80
RbipmezieAO2o7DO,80
XhGo9pulRQYWtlC7,80
TARsf0isKaIUVDdC,80
5Fo27ccRZ9Pk67ro,80
UPDtYry4oPFGkANU,80
jlrJUBaqNBmcxFKH,80
meaXlN6aAAM4ACll,80
HXlyP3AvhIAbxjqC,80
iGjxzFBdl8v1XUJJ,80
HqaWlaIkodVV7hw0,80
sSjy3kZ7Y2WnnYDk,80
5yfLKm928j0IBmeB,80
5qW2ame6N0CobSrq,80
8ZQtG8e0Oy9Fg5Gs,79
XkWdpH33UPNZAcaL,79
ZJWuUSmKP4emERHF,79
MolG9Bwbw1v11yX1,79
ygaWxQia8ftU2mOR,79
nP4Yues8Wl1v1rDX,79
TTZ4xnMN2UeQzAqI,79
5fiESWJ9gTreJhda,79
1O8eHuJ9BJhXEUwd,79
ZBZ2IYfT647n2nP9,79
Ky3YyIrZ0KtaXcRa,79
gwFAvp7i6jOBvEUV,79
ggd0TFeMvBPCpuNE,79
HQamrWkIR4sB3r54,79
zZGPLNjGE9XXGmKC,79
iZp9UeUt4xJGwWLd,79
AOxDRIjghT6SjXSN,78
SZjm3htDy3hgyXAL,78
zIc7FA8Q31rDBXn5,78
tRFa8WSFTfn3xgHr,78
yhElpY20vrZLJXBT,78
Fn6zMLtYKDb9MOq7,78
yc5NqSWxeQZv366Q,78
PUn6NBuXUSaBjQ6T,78
81rPEVM1h2luP8Mk,78
Q3CyHtXwCGIe5fK5,78
rTaWsq2gXpUx8NBE,78
psssLD7sirmFy8y9,78
oM2NQs9NNk3ohXwi,78
nyRyFkeiO2Ug37dU,78
9lRaDUgUhtxoA7Ck,78
QXYTEOkm6x3wxN0g,78
VHDMPN8ZozYG9RNt,78
QZdB5dUEwcmLVRnX,78
Fj1QB7C2c6RK0BES,78
FizdBqjyzgWJ3zz0,78
FSc4hITPdvot9uMr,78
eAHbYpOtkFZZ8UEA,78
eauHQ5btrikF4Q44,78
4oIs7PKbW0GI2Swa,77
QXNWe2rFHylDI4Jd,77
VeEnVo6i5BhZlLjF,77
8xKtnSadEe4zu2OM,77
75URY2bgSlkaJJiQ,77
fpPQtQGh83oZx6Px,77
Jue5fMYt6hV2Qk1q,77
zgvENhVEAFpaYy1e,77
1LUfDlaHYXzPA4WT,77
ILJ7A6ds2zYrXMUO,77
oL5jOhi87864iBm2,77
DwOGBZNS0ot57nwI,77
DfiQmSBRSxdRk9TB,77
c3ZaClDL82uAspKD,77
NJKNe2pfXt6sntS2,77
1ZYHmzr3MFJ4uBBk,77
T50Fqd8uyK0obOVT,77
pozejg8ZQEDkwXGS,77
vMgq9b17w9m9YAKx,77
BgGQBHUrCOe328pP,77
ofgLnCWpOlIcr2kN,77
AgeQ0vLK6NUtJkbR,77
SfvSoJuYNETZqncC,77
PVJrxNqFOTqJzSij,77
gcGXIr08VNgbdLuM,77
Sn87tpRt9exD25vz,76
22TsTxYmOsR21pNC,76
xHzaQfgS0B4pkBnp,76
z0XzBwFgjo4BVA1a,76
gSYyGuNGi3ycJNHl,76
O7HatGr55jBbKmYV,76
mzHcrzGzjHnhYKEa,76
gAwXwn0dNWH4dR56,76
J023z3MNs7NVbL3k,76
5naYv8XKPoUcor6L,76
f89AuhDefv18ejSQ,76
WtS11NWr4X9jwspj,76
QSHyKGrF6ueCcBDy,76
QOSQJqbcUnyGKtHC,76
P4IrAAynksdUWga4,76
pPFl7E2Y36BFH4eF,76
OZX0HlD4PjAPirx7,76
lFDW0APPWvjGyDUd,76
nh1rMXDYcXE3SSgF,76
cmoPO3gmT7g0ClQf,75
zBxLLRq0WZgm7u1u,75
VtKlAN770hJSgME1,75
nUYDibbf7CKTT219,75
nXAI9Hqo2gOKGjGk,75
b8cANnM57XejdVHb,75
umF7WiUcRd9pppnA,75
VV9LNAgG3AkyDlLr,75
W0bX9i9QxtiSobg2,75
VibmPejbaOMswA22,75
UmjAl65ezQouAMZ8,75
0018Svxl3jfPwzDt,75
PjzvUgsqpp8sndIr,75
CUGYChUYJcHHZIaA,75
MIYJLrcX1QdT5e6P,75
ARtTQLb5SKA8MVye,75
Llw9eNavkxYhrEoy,75
IbQlf2NVsbbzZRax,75
6oYo6TgqKPMCQZ8x,75
iUOB64UUh6WoQmeY,74
FDmfXEQBZ7aC8tIK,74
nW7io4yB6wLMqUTg,74
QVZ5IFGTtooUbuTf,74
HBwXQXupkrmhoBis,74
HXMvOFEDy5XtYCEw,74
rzajnd77kKcnIFVq,74
Ha2Ad3gTKBo0Dyhl,74
7FQO53RZhQCR1Rzb,74
9P94FDKlkYTpPhcQ,74
lviTo9ivPPuNPBM2,74
h71bhhZ8nqGDm9bT,74
5J1w5O4WQKzRG1Vb,74
53dv0SzhsorMHYL3,74
dNvAlEZDgyXGCHWm,74
Tchrj4ncyoxxlX6q,74
Tw3jpR6jq75cHA6Q,74
UNl8Vfb5Z021JhMo,74
aDKHKJ8YvAMvcs5K,74
uDdxdPqAoxBo5bSu,74
fgYlmZgOBo5yk8sf,73
Fw4LQmjkR8Z6V6dV,73
H6qX9WubcsyNrhaX,73
o12NvIwawMAIl9Dw,73
ZMQl87Bz0ZPOnZlo,73
7bwgjQLATGfHgm9K,73
sUj7jz2J9QFiVJYN,73
6q36qO0BTwj5Cv5P,73
6fSBijeru8HO08jn,73
6HeRIGNK7aVi1yes,73
wki5qZwrLlzLGGI8,73
xcsAIA1YJciB1BjH,73
y9IGQ211K5qDmZD1,73
yLVatVfYm6bn7YEI,73
2BtFCrHpCB6Ul7jn,73
Zx0wayeuO8K5Hc53,73
zxKieKM3xTgAaJDa,73
RmfWXFFN2Ar4ZVzl,73
Vq3twiKlS4IXDhfs,73
PekTfZ89ICuCXYCk,73
YnwFX0Rls7eMhc2o,73
TEF3Qfv8nvlDOGJd,72
45hrgPn1vKK0qcKB,72
y9i1FNztHktFUGng,72
rDeQOgDVlgw3a9kZ,72
LWYXgJRIB2bxzrCh,72
KsU5pxF3CLQQ7vqF,72
JbYp8g2oILo4mhuW,72
z7zrBaMYH2HSSA7D,72
HTk0e7cT4uwXB6UC,72
jA1iHb6bOUCJMKNX,72
YCXHDXKkRDTwsI2j,72
uJYVJIO9cBWajEeU,72
hc76xmkBVI4eM0hu,72
2MhRVZIqKF7r3ctZ,72
HowwjeLhUrXFoh1f,72
zgGISdugDfbYkPCj,72
neDjXx7NxTSvXJNI,72
cKJ3Rfg5BPuA7Occ,72
F6UyK0zCPFoXlps9,72
O1jpcHJQq08jiwYe,72
NlH9wY1Y2aMKYze5,72
A1f1B14a1vcr1CTA,72
ip424GagdxTwPLJr,71
BnfuvbxOVUNWf2hy,71
KcqeVRpw3p1fqcXB,71
bSqH12e4HSbCqosH,71
spNBC66VJtXvOV96,71
BeCJt1WUrzofV9Bj,71
83zfysvbikvWZ1UL,71
tw2uEDqPEpMnhxyF,71
YxQbTS9p2HFHcEfj,71
9gQfcHkwsVOlSSNA,71
HjB4b2EXXMWXLzBI,71
yQ7Kq5VaPipRSR0I,71
6rRULmzhMPq9rHqO,71
R0iBBilJVg6MLflx,71
1DknSV5zPsuo3d81,71
gTVW2vPFCHXhTnKS,70
raPQlJtwvlAjRZtr,70
5EvtNeBiD3WDPTkI,70
hJAGxES1VxsKpNtm,70
a84KpdhFV8JRRh49,70
DBRaxvInKxjJRXiD,70
07KgNe9UpiSKEqdQ,70
MUTJxPrafXf3yVNC,70
nQIhnEonKwfyHqtE,70
PjTR5xH7VY3DuNQj,70
38Tyrw2ky7MOA6Zf,70
G8Kqnq4YRXncSkYl,70
dBEHRcNqvyLBcudF,70
d6Bwng1B0XnX1vDZ,70
LjCT9GXbAJ15223W,70
soCfUP7goQH98NqS,69
Y95dkUFpZAaACQKh,69
F9pvIRtVqcy8q6Wf,69
hoigBZ2WBPeNZ3D2,69
VrUWnlNQMUETKHPY,69
FhhzMKIp4BLfWriQ,69
RwptaTwgmCfBvRLm,69
Qgn7LrbAuNh4n1kq,69
LDb75Z06RdBb2QHI,69
OZt411XQUo0gZLSe,69
AFpRKR9XBXW2oda7,69
aWkMhIxB7EuKI66c,69
am1BwL6fZe2mipXs,69
ApauDtJD8LDT4lTE,69
1TjoFj1MDKYdiyNX,69
dFLVg9khPqfcnCuE,69
YzwqbSmTpDWaCOu4,69
LsqbxJvoNQJPhWPk,69
JWkHDGkwchyeZ9Kb,69
gWquIBPyORKyXIzt,69
XvH2NBYywTyL31Xo,68
PrEGf2ciIFOqPZy9,68
QIuMRq2DhnPpRN5Q,68
7TeOmBDmRbvQJ059,68
ByBY2wqNMKyWCGqL,68
ONOIPSqqZRl2E5Js,68
4lLLI0gHzujEzLDI,68
mVzS3yBB07C6zUMh,68
FEUPEe50aqPcrR6L,68
UYXuIn4DwAGCjcgE,68
pqeC9W2OzKI9VEQ1,68
cDSx78DuQvNMqfcv,68
gQ8RT9NjXyBM8HJJ,68
tbIpUMCVsvHZOOKG,68
WHx5u18E1jNsp8ud,68
raITvS6C6OSVhtpT,67
CtxgtsdtCxF1sGRi,67
CujHmR64oXgZHB0L,67
DGDajBroVSW2v0of,67
URTYvz9deDLll2vH,67
sLtcEa0QjoHB31jP,67
E8Y0LCTJjq5DwvP4,67
P1GWvqsG0hH4y1TC,67
0LlReIklmA1ybRKv,67
0SNuezQeQnCJMgt6,67
zNcwMgOhpkzlsSDY,67
dOlVGrAJiEPXCMF3,67
LZWA8y0tG0dxo7FI,67
eh6uri62cdYDfdeS,67
KAq2QYE5prNDbdmf,67
xyNkO6iHvCSwZ7f0,67
JE1Vwrvqr8mWkYma,67
SynfaquMWCDtgKK5,67
5YdoqdxYnrhj8vst,67
hBI1ahbU1YtdDE5o,67
klcET5A6Yw1YqE03,67
sriPmdIA0GFAwy4P,67
R9xkPDAO552hfV3C,67
pe4sLPtj6dXbTvsF,67
5S4RHW3anB2eSYGB,66
Q9dlU0RDAjVD3Jp7,66
gvalxpEFr7n1W1Oj,66
JCEvGb8EyQdNJp5b,66
mnru8gX28jKScJ6O,66
iG287WTKHdc2RKYw,66
Ad3CoFOmt8iGUGfn,66
YjTX5GnqTLuMSeL7,66
lrzd33RUZWH1wg3E,66
dJYrAu1vIUkkr0GT,66
Pe9fnkBuMWj2Lhz5,66
pRaAaauwsMzoIiFG,66
LVaPZiwB5houQDz8,65
4Q0Dk1G7Ybfz7OT8,65
x1jvuWZ0Td2akQdS,65
XjfWfVKggYG5Qy4F,65
SNxdNcmeOOu7htHC,65
UmS6bItQFiMh83rc,65
PegLAfKFm57qQO8f,65
I5ratFgGU92Q7Rjk,65
c3NhdfaDv1QeAcPc,65
6h3fT65ToYbxrapN,65
u1hVzr94X9eh9aq8,65
pgzWbqJGshM1FZBT,65
OXo9GUcoLbNZk85O,65
BPAzapEohGq0PjbJ,65
8hztsigNfDda7r5a,65
QMrWErMbCrcDNlZV,65
IDKSWvbsQKUKsCMu,64
8xIc59z9z0lITAKU,64
crEpIAVwcbp3XMOg,64
5y6vA196AILVmYk7,64
vT9tst0ZIn3qcbcI,64
kWzwuBzRS7HEmdTY,64
jgsUbFVsN6MDYHKL,64
ZwRixgg4UIllxgcg,63
7SKJ90umjnrTMfKx,63
DTLZuVvY5Z4lyWYM,63
DH1kvqn5dQexv6e2,63
NFECGmQGhz3E6Kwg,62
e9r9HVul3H0LOGup,62
JkRsWtHIjGQmOOKW,62
l09RXWlZ2jzARgQA,62
2ZJz43nFb7EhH2GZ,62
vI8S8jRKJ5DBcNzO,62
0eWtfZi67r6GktMV,62
ES5aYd6ZBbMy971x,61
pD184EIwpWR0NXgB,61
2Swwu4PW1lFkXqKC,61
BkcpUSSEiRZwXKFJ,61
kB2JCCNQrsOsf1So,61
aOpja99vshW4z06j,61
UpeN8YZKN5Hvh8DY,61
Lve2mDOSOKXZMyI3,60
4upXGmomJfU4Wa0q,60
5j66L5yMj7UhFwhC,60
Bve8DGJcB8h0ydyb,60
TWeKLWo5CBjRLUSS,59
1Eu0jNsBu8OPRmLS,59
gdhkd43UycBuKNeT,59
JnV1qd2TpgX6ImOJ,59
ZqX3237udj6T9Sun,59
iMsEP5FOBycj6Yie,59
wJrH9hsV5tR0vmf6,59
RFnY9lKABdh3OPh0,58
cRXSTVpU9uN19f7C,58
EtGrBKEqNp1Qvfq6,58
7juls6POZyRMZOXH,57
yqKzK6DeVVSWfUnl,57
pPPyEA9DU7OIOPRS,57
RXfF5bw3ffT1cocH,56
JU2OOUzR3ELOXIN6,56
WeoBkUaiKpJ3Y8QQ,55
3YoXOsQjTpU3WU4x,55
vbvPdC2eaUgnipom,55
MgdTeVzwP4gZGG7t,54
sNWz4dXqeR06NxNb,53
0163xc5RbfhuHxAS,52
wC8jVOD0gSfJkgWJ,50
